"","x"
"1","TGTCAATCAGGCTTGT.1"
"2","TGACTTCGTGATTACG.1"
"3","AGGTAACCAGCGCTTG.1"
"4","AATTGCCAGCACTAAC.1"
"5","ATGGCTGTCATGTTTC.1"
"6","GGCTGGTTCATGTTTC.1"
"7","GCTGAGGAGCACAGAA.1"
"8","CAGGAAGGTATTGAGT.1"
"9","AGCGGATAGTTTGGTA.1"
"10","GCCACACAGAGCAAGC.1"
"11","AGTGCACGTATTGGTG.1"
"12","ATGACAACAGCCTAAC.1"
"13","AGTGAGTCAGGCTTCG.1"
"14","GCTTACCTCACTTTAC.1"
"15","AGAACCAAGGCGCTTA.1"
"16","TTTGCGGAGTGAGGGT.1"
"17","ATTATGGTCCGCAACA.1"
"18","CGAACCGGTTGCAATG.1"
"19","GGTATTGGTTAGCGTA.1"
"20","GCTTATCGTATGGTGC.1"
"21","AATTGGGAGAAGGTGC.1"
"22","GGTACAAAGCCTGGTA.1"
"23","GTGCGGTTCTTAGGAC.1"
"24","AGGCTAAAGTGAGGGT.1"
"25","GCATATATCAGCAAGA.1"
"26","CAACCCTTCTAACTGA.1"
"27","GCCCGTTGTTGCACGG.1"
"28","AAGGAAGCACTATGGC.1"
"29","GAGCATGCATAATGAG.1"
"30","CGCTCAGCAGTAGGTG.1"
"31","ACCTTCCAGGCAACAA.1"
"32","AGCCTGGGTTAGTTGG.1"
"33","GAGGCAAGTTTGCTGT.1"
"34","GCTGTACCACCTATAG.1"
"35","CTAGTTGCAGCTAACC.1"
"36","TTTAACGAGGTGCTGC.1"
"37","CAGAACCGTAGGTTGC.1"
"38","CTTATGTTCCGTAAAC.1"
"39","TTGACTAAGATACTTG.1"
"40","ACAACAGAGTATGTGC.1"
"41","CAAAGGATCTGTAAGC.1"
"42","CCCGCAACAGGATAAC.1"
"43","CAGTATGGTGCGCAAT.1"
"44","AGTTATGTCGCTATGG.1"
"45","GTCAAACTCCGCAACA.1"
"46","TGATCGAGTGAGGTAG.1"
"47","TGAAGTGAGCTGGAAA.1"
"48","GAACCAAAGAGCCGCT.1"
"49","GCGAAGTAGCAAGGTA.1"
"50","TCTCAAGCACAATGCC.1"
"51","CTAGCGGGTGGTTCTT.1"
"52","CTGAAACTCTGGCTTC.1"
"53","CTAGCGGGTACCGTAA.1"
"54","AACTAGTGTTAGCCAA.1"
"55","AGTAACCTCGCAAACT.1"
"56","TAACCGGTCGGTCATG.1"
"57","ACCAAGTTCCTTAAGA.1"
"58","TTGTTGCGTATTGCAG.1"
"59","TACCCGGCATAAGGAC.1"
"60","ATGCTTAAGGGTTATC.1"
"61","GTATTGCAGTATCGCG.1"
"62","CGCACCACAACACCTA.1"
"63","TGCTCACTCGAGGTGG.1"
"64","TCCCGGACAAGACTCC.1"
"65","CTAGTAGGTCAACAAT.1"
"66","GCCTCAAAGTAAAGGT.1"
"67","AGCCTGGGTAGGTTTG.1"
"68","CTATTCAGTTATCGAG.1"
"69","TGTGCTGAGTAGCGGG.1"
"70","TATCCAGCACCTAAGC.1"
"71","ATCACACAGCTAAAGG.1"
"72","TATGAAGCAAACGGGC.1"
"73","GACCTAAGTTTAACCC.1"
"74","GTAGTTTCATCAGTAT.1"
"75","CGCCACACAAACAACA.1"
"76","GCGCCTTGTGAGCAAG.1"
"77","GCTTAAATCTACCTAT.1"
"78","AATAGCTGTACCTTAC.1"
"79","CATCAATCAGCCGCTA.1"
"80","TGCATCCTCGAGGAAC.1"
"81","TGCTCACTCGTTATCT.1"
"82","TTCCTTGAGGTCTTGG.1"
"83","CGTTAACAGGGCTTTG.1"
"84","GGATATTGTCTATCGT.1"
"85","TTTAACGAGGATTGCT.1"
"86","ATGCAAACAGGTTTGC.1"
"87","ACGTCCAAGATACTTG.1"
"88","CATCAATCAAAGCCTC.1"
"89","TCGCGAGGTCATCATC.1"
"90","TGATTCAAGTCGCTAG.1"
"91","TACCGAAGTTAAGCTG.1"
"92","CTTGTTTAGACAACAG.1"
"93","TGGATTGGTCACGAAC.1"
"94","TTGGCTTGTGTTTGAG.1"
"95","GTGTGAGCATAATCAC.1"
"96","AATTTGGTCTCCTCAA.1"
"97","ACGAGTAAGCTAAGTC.1"
"98","CTAGATTCACTCGCTC.1"
"99","GATTGATGTAACCAGC.1"
"100","TTCCACGGTGGTTCTT.1"
"101","TACCTCATCGCACAAT.1"
"102","CGAAGAATCCTTAAGA.1"
"103","GTACCTTGTGCTGGTG.1"
"104","ATGCATTCAAGCCAGA.1"
"105","TCTAATCTCTCCTCAA.1"
"106","AGGTAACCAATTGCGC.1"
"107","CCAGCTAAGGCTAGAA.1"
"108","CCTTCGTAGGAGCATA.1"
"109","AACCGGCTCCTCACAC.1"
"110","CAGCTCAAGGCGCTAC.1"
"111","CCGTTAACAAATACCT.1"
"112","CTCTCACAGGAACCGG.1"
"113","GATAAGCCACTGACTA.1"
"114","GGTTACCCATGATTGT.1"
"115","TGTATCCGTCACCAAA.1"
"116","TTGCTTTAGCTTTGTT.1"
"117","AGTGCACGTGAGCACT.1"
"118","GATTGCAGTCGCATAA.1"
"119","CCGACAGGTTACTAGG.1"
"120","AATGAAGGTTTGACCT.1"
"121","CCTGATGAGGACAACA.1"
"122","CCTGTATGTGTCCTGC.1"
"123","CGTATTGCAATGAATG.1"
"124","TAAAGCCTCATTGCGG.1"
"125","TAAGTAGCAAACCTTG.1"
"126","CTGAAACTCACGCCAA.1"
"127","GCTGTGCAGGAAGCTA.1"
"128","TCAGCCTTCCCGCAAA.1"
"129","GCTTGTTGTGCTCCGT.1"
"130","GGATTTATCAAGTGAG.1"
"131","GACCTAAGTGTTGCAA.1"
"132","CTTGTCCAGGACAATG.1"
"133","ACTAGGCGTTTACGTC.1"
"134","CAATCCCTCAACAAGG.1"
"135","TACTAAGTCCTGATGG.1"
"136","TCTCAATTCCTTCGTA.1"
"137","AAACGCGCACCTGCTC.1"
"138","ACGAATCTCCGCAACA.1"
"139","CGAAATGAGGCCAATT.1"
"140","CTTAGTTTCGTTAACA.1"
"141","CTTGTTCCAGCTTACA.1"
"142","TATGGATGTTCTTTAG.1"
"143","TGCGCAGGTTTAACGG.1"
"144","TTTAGCTTCAGGTCCA.1"
"145","ATGGCTGTCATTACAG.1"
"146","CCATTATTCCCTGACT.1"
"147","CGCATGATCATAGACC.1"
"148","CTCTGTTCATGTCGCG.1"
"149","GATGACTTCTAGCTTT.1"
"150","GGCTAGACAGTTAGCC.1"
"151","GGTTAGCGTTTATGGG.1"
"152","ACTTGTAAGTATCGCG.1"
"153","TTGGCTGAGGCGCTTA.1"
"154","CGGAGTCTCATGTGGT.1"
"155","TTGACTAAGTTGGCCA.1"
"156","AATTAGCGTTGCGTAA.1"
"157","GCAGGCTTCCGTTATT.1"
"158","GAGCTAGCATTGTTGG.1"
"159","GCTAATATCGTTTCGC.1"
"160","TCTTAGCGTAAACAAG.1"
"161","ACTTGTCGTTTAAAGC.1"
"162","AGCCTGGGTTTACCGT.1"
"163","AGCTCATAGTTTCCGC.1"
"164","CGGAGTCTCGCTTCTA.1"
"165","CGTAGTTAGTAGGATG.1"
"166","CTCCGGACACGGTTTA.1"
"167","GAGTCATTCCTGGTGA.1"
"168","GCTGAGGAGGCCTGGT.1"
"169","TAGGAGTCAGGCTAAG.1"
"170","TTCGCAACAGCATGAG.1"
"171","AATTAGCGTTGTTCAC.1"
"172","ATCCATAAGTCACCAG.1"
"173","TTGTCCATCGTTTCGC.1"
"174","GGATTTATCCAATAGC.1"
"175","CAGGATGCACCTACGG.1"
"176","CCGCCAACACCACAAC.1"
"177","CCGTTATGTTTGGCTT.1"
"178","CTGCAATAGTGAGCAA.1"
"179","GGTTGCATCATAAGCC.1"
"180","ATGTAACGTCAGTAAT.1"
"181","CCAACCCGTTCATCTA.1"
"182","GATTCATCACAAAGAC.1"
"183","GCCTCAAAGGACAACA.1"
"184","ATTCGTTTCTCCATGC.1"
"185","CCAAGGCTCTAGCTTT.1"
"186","CCGTGCTGTAGCAGCT.1"
"187","TAGGTTGGTTAATCGG.1"
"188","CCCAAACCAAGGTCGA.1"
"189","GACGTAAAGTTACCGG.1"
"190","CAACTAGGTTCGCTCA.1"
"191","CCAGTTTGTTACAACG.1"
"192","GTTCTCATCCGCAAGC.1"
"193","GGATACTTCTTGGACG.1"
"194","CATTGTAAGGTGCTGC.1"
"195","CCAAGTTAGCTCGCTT.1"
"196","GGTGCTGGTTAGCATG.1"
"197","GTGAGGAGTTTGCGCC.1"
"198","TTGGATTCATGATTGT.1"
"199","CTAGTAGGTTACGCAA.1"
"200","GTAGGAGGTGGATTCA.1"
"201","TTCAACCGTGGATTAT.1"
"202","TCTTAGCGTGCGCGTA.1"
"203","TGTGCACCACCTACTT.1"
"204","TGCAAGCGTTCTTTAG.1"
"205","ACTATCCGTCACTCGC.1"
"206","CGTTGCGCAAATACCT.1"
"207","GTAGCCATCCGCCTAT.1"
"208","TCAGCGATCGGGACTC.1"
"209","CCTAAAGGTGATGAGG.1"
"210","ACATTGCAGGATCCGC.1"
"211","ACCGCAATCGGGACTC.1"
"212","CTGTAACAGTCATGCG.1"
"213","GAGCAAGGTCCTTAGT.1"
"214","TGCTAGCCACAATGCC.1"
"215","GACGCCTAGCAAGGTA.1"
"216","CTTTGGGAGTTTGCGG.1"
"217","AACATCATCGATAACC.1"
"218","CGTCAATAGTGTTGCG.1"
"219","AGACACGCAATGCCTA.1"
"220","GTACAATGTCCGCTGT.1"
"221","GCGCTAGGTATCTGGA.1"
"222","AACTAGCTCCTGATTT.1"
"223","AAGCGAATCAAAGGCA.1"
"224","CCCTAATGTGGTTCCC.1"
"225","TCGGTAAGTGTTGTAG.1"
"226","TACCGTTGTTAGTACG.1"
"227","CTAGTGAGTTCAAGAT.1"
"228","GGCAATCGTAAAGCGG.1"
"229","CCGCTAAAGGCATTAC.1"
"230","GGGAATATCCTGGCTT.1"
"231","AACTTAGTCACTCGCT.1"
"232","GTTCACCTCAGCACCA.1"
"233","CGGAATCGTTCCGGGA.1"
"234","GTTCGCTTCGATTCTT.1"
"235","GCTTGTTGTTCACCAT.1"
"236","ACCAGGCTCCTCATCA.1"
"237","CGTAATGGTGAAGCCT.1"
"238","GGTTGCATCATCCTGC.1"
"239","GTACCTTGTCCCGAAG.1"
"240","TGAAGTGAGAGGGACT.1"
"241","TAATCACCAGGCATGA.1"
"242","AAGCTTGGTACTGAAT.1"
"243","CCAATATCACTAAGAA.1"
"244","TCAATCGCAAACGCGA.1"
"245","AGTCCTTGTGTTCCCA.1"
"246","GAGCCACTCTCGACCT.1"
"247","GTGCTGGGTCCAAATG.1"
"248","TCATACTTCCTCAGTC.1"
"249","AATTGGACATTGCAGC.1"
"250","GCCTGAGGTCTCAGCC.1"
"251","GGTTGCGGTTACTTCA.1"
"252","TAGCCTTGTTTGCGCC.1"
"253","CCCAGTTTCTCACTCA.1"
"254","GTTACTCGTATCTGGA.1"
"255","AAAGCCCGTTAGAGGG.1"
"256","GGTTGCTCATTGACAT.1"
"257","ATCAAGACAGATAGAC.1"
"258","CCGCCAACAACCCTAA.1"
"259","CTTGTTCCAACCCTCC.1"
"260","CTTTATCAGTCACTCC.1"
"261","GCGATTAGTTGCAATG.1"
"262","GGGTTTCCACATGCTA.1"
"263","GTTACGCCAAGGAATC.1"
"264","TGTGCACCAAAGCCTC.1"
"265","TGTGGCCAGTGATTCA.1"
"266","TTTCTTGCAGCAACCT.1"
"267","AAGCTTGGTTGTTCAC.1"
"268","TGCTTGCTCAACAAGG.1"
"269","TAGGAACCAACTAGCC.1"
"270","TCCTTCAAGCTAGAAG.1"
"271","CCCTCAGTCAAACCGT.1"
"272","TGGCCTTTCCCGTTGT.1"
"273","AGGATCCGTTACTTGC.1"
"274","CAATCGCCAGCTTACA.1"
"275","CTCATGCTCATTACGA.1"
"276","TAAACAGCACAGAAAC.1"
"277","ATGAATGCAAACTAAG.1"
"278","CCTGCTCCACCTGGTG.1"
"279","ACTTCGCTCGTACCGA.1"
"280","CACCTGTTCAGCCAAT.1"
"281","ACAGCGCTCCGCCTAT.1"
"282","TCTTAGTTCTCAATGA.1"
"283","TGGTTCCTCTTGTCCA.1"
"284","AATTGCCAGGAACCGG.1"
"285","CATAAGCTCAATACGC.1"
"286","CCGACAGGTAATGGAA.1"
"287","AAGTTTGTCCCGTTAC.1"
"288","CCAACATAGCAAGGTA.1"
"289","CTTCTCAAGGTTTGCG.1"
"290","AGGTAACCACCTCACC.1"
"291","ATCCACCTCGGGCCAT.1"
"292","GAAGTAAGTACTTAGG.1"
"293","GCCTGACAGGCTACTG.1"
"294","GGAACCTGTGAGGTAG.1"
"295","GGCTGAGAGCCTAATA.1"
"296","GGGCTAACAGCTAACC.1"
"297","GGTCATTAGTAACAGG.1"
"298","GGTTTGTAGCAAGGGT.1"
"299","TCGCGCACACGAATTT.1"
"300","TGATCAATCGATTCTT.1"
"301","ATGGCCCAGTTAGCTA.1"
"302","ATGACGAAGGCGCTAC.1"
"303","CAATCTAAGTCTTGAA.1"
"304","TAAAGCCTCCCGCAAA.1"
"305","AAGCTATGTGCAATAT.1"
"306","AGCACTTAGTTAGAGG.1"
"307","CATGCAAGTAAGGTCC.1"
"308","GAGGCAAGTTAGAGGG.1"
"309","GCCTAATAGCGATAGA.1"
"310","GTACAATGTAACGTGC.1"
"311","GTTAAGCTCTCGCCTG.1"
"312","TTTGCGGAGGCTGTCA.1"
"313","CAACCCGCACACAATT.1"
"314","GGCTCACAGCGAAGTA.1"
"315","TTACCGTGTGAACAAA.1"
"316","CTTAAGGGTTGAGGTC.1"
"317","GAGGAGGCAGAGGGAG.1"
"318","AATTGCTCATAAAGCA.1"
"319","CGGTGAGAGATGGAGC.1"
"320","GCGATTTAGAAACTGG.1"
"321","GGAACAATCTTAGTGA.1"
"322","GGTTCTTGTCTTTGAC.1"
"323","GTATCGCCATAAGGAC.1"
"324","TAAACAGCAAGCGATG.1"
"325","TAGCTTGCATTGTGCA.1"
"326","TCGGTTACATAAAGCA.1"
"327","TTCAGCACACAATGTT.1"
"328","TGTCATAAGGCACAGG.1"
"329","ATACCTGCACGTGCTG.1"
"330","GTACTAATCGCTAGAT.1"
"331","TCGCTAACATTAGCGC.1"
"332","AGCTACGTCGGTTTCC.1"
"333","CGCTACTTCTTGTTCG.1"
"334","GATCCGTCATGTCAAT.1"
"335","GGTTAGCGTCCGGTTC.1"
"336","GTTACAGGTGGAAACG.1"
"337","GTTCGCTTCCCGCAAA.1"
"338","TCCATTGTCTAGCTTT.1"
"339","CGCAATGTCCGCCTAT.1"
"340","ATTTAGGTCCCTGGAA.1"
"341","AAATGGCCAACATAAG.1"
"342","ACCCGGTAGACAGGCG.1"
"343","ACGATTCAGTTATGGC.1"
"344","CAGGTCCAGGATCCGC.1"
"345","CCTGTTGGTACGTTTC.1"
"346","CGCATTACAGTAGGTG.1"
"347","CTAACCCTCGCATTAA.1"
"348","GAACCAGCACTTCACT.1"
"349","GAAGGAACAGGAACAT.1"
"350","GTGGATGCAATTGACT.1"
"351","TCATGTTTCAGCCAAT.1"
"352","TCGTGCTTCGCACACA.1"
"353","TGTAACTCAAACCTTG.1"
"354","TGGTAAACAGTACCGT.1"
"355","ATTCACTTCATGGCCA.1"
"356","CAAGTAACAGCCGCTA.1"
"357","ACGGTACGTTCATTTG.1"
"358","TAGGAACCAACAGGTG.1"
"359","CTTATGTTCAATTACG.1"
"360","CCACTTGGTACGGTAC.1"
"361","ATACCGGTCTTGGATA.1"
"362","CCCTGGACATTCAGCA.1"
"363","GCGAAGCCATCGCTTT.1"
"364","ACGTTGTAGCCACAAT.1"
"365","ACTAATCCATGAGCAG.1"
"366","CCTTCGTAGGGACTAA.1"
"367","CTAGCTGAGGCTACTG.1"
"368","TGTTTGTTCTTTAGGA.1"
"369","AGTGAGTCACCTCAGG.1"
"370","ATGGACAAGTTCCCAC.1"
"371","CCTAAGGTCATAGACC.1"
"372","GCCTCGACAACTAACT.1"
"373","TCAGGAGCACCGGTAT.1"
"374","TCCTCACAGCTAAAGG.1"
"375","TGTCAGTAGGTAAGGC.1"
"376","ACTAACGGTAGTAAGA.1"
"377","GCCTCCATCCGTCCAT.1"
"378","GTCCTCAGTCAAGTAT.1"
"379","TATGGCCCAGGGAGCT.1"
"380","ACCGCAATCAAGCCTG.1"
"381","AGGATGCAGGCATTAC.1"
"382","ATGACTCAGCAAGGGT.1"
"383","CATTTGTTCCAGGAAA.1"
"384","CCTATAGCAAGACTCC.1"
"385","CGCTGTGCAGGTTCAC.1"
"386","CTTTATGGTGTAATAC.1"
"387","GGGCTAACAGGTCCTG.1"
"388","TAAGGACCATGGAGGC.1"
"389","AGTAAACAGCGCATTG.1"
"390","CATAAGCTCTAGCTTT.1"
"391","GAGTTACTCAAGGACA.1"
"392","GTTGCGGGTGGAAACG.1"
"393","TAAGCTATCTGGCATG.1"
"394","TAGTAAGCATAAGTCT.1"
"395","TCTCCTCGTGTGCAAC.1"
"396","TGAGGGCCATAGACTT.1"
"397","TGATCAGGTGTCCAAA.1"
"398","TATGGTCAGAGAAGGG.1"
"399","TTAGAAGCATGCTATG.1"
"400","TAGTGGCGTTAGCTGA.1"
"401","ACAACAACACAGCCAT.1"
"402","ATGCAAACACTAGGTC.1"
"403","CACATTAAGCGCAATT.1"
"404","GACCTAAGTGAATCGC.1"
"405","TATTAGCCAGTAGCCT.1"
"406","AACCTAATCCCAGTAG.1"
"407","ACACTAATCCCGCCTA.1"
"408","TGCCGGTAGCACAGAA.1"
"409","CCAAGTTAGGGACCTC.1"
"410","GCTCTGGCAGCTTAGC.1"
"411","GTTGGCGGTCTTGCTG.1"
"412","CCTGGTAAGTCTATGA.1"
"413","AAGCGGGTCAAACACC.1"
"414","ACACTTAAGACAGGTA.1"
"415","ACCTCACTCATAATCG.1"
"416","ACTTATCTCATTAGGC.1"
"417","CATGAGGCAGGCTAAG.1"
"418","CGTTAGTAGAACCTGT.1"
"419","GCTGCATCAGATAGAC.1"
"420","GGCAAGCCAGCAGGTA.1"
"421","TACTCGCTCGAGGAGT.1"
"422","CTTAAGATCACGAATC.1"
"423","AATTGCCAGGAGGGTT.1"
"424","CGTAACTAGGCCATCA.1"
"425","TTCGTTAGTGTAACCA.1"
"426","TGCAGGCTCTTAGTGA.1"
"427","TGGGCATGTAAGCTCA.1"
"428","CGCATTACAGTCTATG.1"
"429","CGGAATCGTGCTCCGT.1"
"430","GTTCTTAGTCATAAGT.1"
"431","CCTTCAATCCTAAATG.1"
"432","GACTTGGTCGATTCTT.1"
"433","GCGAAGCCAAATGCCC.1"
"434","GCGCTAGGTGGATTAT.1"
"435","GTCAAACTCAAAGGCA.1"
"436","GTCCTAGAGGACCTCA.1"
"437","TGCGCGAGTTGGCCGA.1"
"438","TGCTCCGTCTCCATAT.1"
"439","TTGTAAGTCGACAAAG.1"
"440","CTCTAAGCAGGCTGTT.1"
"441","ATCGAGGCATTAGGTT.1"
"442","ACATCATCAGGTTATT.1"
"443","CACATAATCTTGGATA.1"
"444","CTATGATCAGTTAAAG.1"
"445","GAGGCTACATTGTGTG.1"
"446","AAACCAACATTTAAGC.1"
"447","ATCCGTGAGTTGGGCC.1"
"448","GTTTCCTCACCTAAGC.1"
"449","AACCTCACATCACAGC.1"
"450","CTCCAAACAGGTATTT.1"
"451","TCATGAGGTAACGTGC.1"
"452","AACTCACAGCCTGTTC.1"
"453","ATAGCATGTTACTAGG.1"
"454","AGGACTAAGTTAGGCT.1"
"455","CGTGGTTCATACTCCT.1"
"456","TGTTGCACATGAGTTT.1"
"457","CGTCATTGTAGGTGTC.1"
"458","AACAGGATCTATGACA.1"
"459","TTAGGAACAGAGAGCC.1"
"460","TTTCATCAGTCATTGA.1"
"461","TTCCACGGTGAGACTC.1"
"462","ATCACAATCTCCTCAA.1"
"463","TGCTTGTGTATTGAGT.1"
"464","TATAGCCAGGCTACAT.1"
"465","AAATCCGGTCTTGCTG.1"
"466","ATGATGGAGAACAAGT.1"
"467","CATCATAAGCTATTAG.1"
"468","GCCCAAATCCTTGCGT.1"
"469","GCTCAACCAACTAGAA.1"
"470","TCCTTGCAGATGGAGC.1"
"471","TCTCAATTCTGTAAGC.1"
"472","ACTAGGCGTAGTAAGA.1"
"473","ATGGCCGGTACGCGCA.1"
"474","CTCATTTAGCCTGTGA.1"
"475","CTTACCGGTTCACTGT.1"
"476","GAGGCTTGTAACGTGC.1"
"477","GGGCATTGTACAATGT.1"
"478","GTTCTCATCAACCAAC.1"
"479","TTGTGAGGTACAATGT.1"
"480","TCATAACCACACTAAT.1"
"481","AATTGCTCAGCACCAT.1"
"482","ACAACAACACTAAGCC.1"
"483","AGGCTAGCACAACAAA.1"
"484","ATGGCTTAGTTGGATC.1"
"485","CACAGGCTCGGGCCAT.1"
"486","GGTACAAAGCTTATGA.1"
"487","GTCGAAGCAGGCATGA.1"
"488","TATGGCCCACAAAGCG.1"
"489","CCGTTACTCGTAATCA.1"
"490","ATATGTCCATTGCGGT.1"
"491","ATTAACCCACCTGCCT.1"
"492","CTAGTCGAGTGCTGTG.1"
"493","GAGGCCTTCTAGCTTT.1"
"494","TAGTAAGCAGTCTAAT.1"
"495","TAGTGAGAGTTGTCAA.1"
"496","TCTTGTCCATGTCGCG.1"
"497","TGCTTCATCATTTGTC.1"
"498","GGAGCATAGTTGCGTG.1"
"499","AGTAATGCACCTAAGC.1"
"500","CTCCGGACAATTTGGT.1"
"501","AGGTATTGTAGCTAGC.1"
"502","AGGTATTGTTGTAAAC.1"
"503","ATGAATGCAGCAAATA.1"
"504","TTCGCAACATGTGGGA.1"
"505","AGTATAGCACCTACGG.1"
"506","TCTAGCACATAGCTGC.1"
"507","TAGGAGGGTTTATCGC.1"
"508","TGTGCGGGTCATAACG.1"
"509","CATTGTGCATGTTGGC.1"
"510","AATTACCCAATAATCC.1"
"511","GGTACCGGTAACGAGG.1"
"512","GTTACAGGTCATTAGG.1"
"513","GCAATATGTTGCATCT.1"
"514","TTTAGGATCGCTAAGT.1"
"515","AGGCAGGTCCCGAAGC.1"
"516","CACCGGTAGGCTGTCA.1"
"517","CCACACAAGACAGGTA.1"
"518","GAGTTGCGTTAAGCCA.1"
"519","GCTGTACCAAGGTACG.1"
"520","GGTATTTCAGAGGCTA.1"
"521","GTTAACCAGCTTAGCG.1"
"522","TCCTAGTGTAACGTGC.1"
"523","TGCTTGCTCACCTGCT.1"
"524","TTATCCTAGACCATAC.1"
"525","GGGCGAATCGGGACTC.1"
"526","TGACTCCTCATTAGTG.1"
"527","AACATTGTCGTTATCT.1"
"528","GCCTTAACATGCAACC.1"
"529","ACCCTGTTCGTAATCA.1"
"530","AGGTCAAAGTACTGGT.1"
"531","CTCCAACTCACGCATG.1"
"532","TCGCGCACACCTAATG.1"
"533","CTAAGTCAGGTTACAC.1"
"534","ACGTCAAGTAGACAAA.1"
"535","CCAGGAACAGTCTATG.1"
"536","TTATGACCAGTCTATG.1"
"537","TGCATCCTCTCCATAT.1"
"538","ATGCCTGAGTGATTCA.1"
"539","CATGCAAGTGTAATAC.1"
"540","TGTGCTGAGCTCAATA.1"
"541","CCCGTAAAGGCAATAG.1"
"542","ATCCTCATCGTTACAA.1"
"543","GGTATTTCATAATCAC.1"
"544","GTTGCATAGCAATAGG.1"
"545","AATTGGACAAACGCGA.1"
"546","ACAGTATGTCCTCCAA.1"
"547","CACAGGCTCTCGCCTG.1"
"548","TACAACATCGTTAGTA.1"
"549","TATCACGCAATGAAGC.1"
"550","TCTTCAAGTTACTAGG.1"
"551","TACGGATTCCAATTAG.1"
"552","GGCAATCGTGGATGTC.1"
"553","TCTAACTTCGTTAACA.1"
"554","TGCGGTTCATAAGGAC.1"
"555","ATGATGACATTATCCC.1"
"556","TTTGCGACACCAGCAT.1"
"557","ACGTCAAGTAATCACG.1"
"558","CCGATGCAGGAATAAC.1"
"559","CGTTTCTCACAGCCAT.1"
"560","GACACTAGTACCGTAA.1"
"561","GAGTCATTCGTCAAGT.1"
"562","TGGTCAGTCTCACTAT.1"
"563","GAGCGGTCATTATGCG.1"
"564","CAAACATGTCAAAGAA.1"
"565","CAAATCATCTCACACC.1"
"566","CTGTATTTCTAATTGG.1"
"567","TGGTAAACACAGGAAT.1"
"568","TGTTGGCCATCCATCT.1"
"569","AAGGAAGCATAGTCAT.1"
"570","CAATAGCTCGCTCACT.1"
"571","CGAAGCCTCAAAGGCA.1"
"572","TAAGCTATCAGCATTA.1"
"573","AATCTTGAGGCTACAT.1"
"574","GGCAATCGTGCGCGTA.1"
"575","TTCATTCAGTGAACAG.1"
"576","CCAGTTTGTAAGGTCC.1"
"577","CAACTAGGTGAGCAAG.1"
"578","ATCACTAAGACAACGA.1"
"579","GCCATTACAGGCGAGT.1"
"580","AAGGAAGCAAGGAATC.1"
"581","CAGGTCCAGAGGCTAA.1"
"582","ATGATGGAGTCATCCC.1"
"583","AATTAGCGTTGTCCAT.1"
"584","GATTCGCCAAAGGTAC.1"
"585","AACCTAATCCCGCCTA.1"
"586","AGGAGCTAGCGCAATT.1"
"587","CCTCAGTTCCGGCTAA.1"
"588","CGTTATTTCATAACTG.1"
"589","GCACATTAGTAAGTGG.1"
"590","CTTTATGGTTGCACGG.1"
"591","ATCATGTCATTGGGAG.1"
"592","CACTAGCCAATTAGGA.1"
"593","CGAGTCGGTGAACAAA.1"
"594","CGGGTATGTTAATGAC.1"
"595","TTGTTTGGTCAAGACC.1"
"596","CGCCTGTGTAGCCTCC.1"
"597","GCCATGATCCTTAGTT.1"
"598","GCGCGATTCATGCTCC.1"
"599","CCATAGCCAGTAGGTG.1"
"600","GTGGATGCATCGCTTT.1"
"601","TGGTTCCTCATTAGGC.1"
"602","AAGGATGTCATAGCCG.1"
"603","ACGCTTGAGTTGCGTG.1"
"604","TTGTCCGGTATTGAGT.1"
"605","GACTTGGTCGGGACTC.1"
"606","AGAGAAGCAAACTCAT.1"
"607","ATGATGGAGCTTCTCA.1"
"608","TCGGTTTGTAGCTGCG.1"
"609","TTGCGTCTCTGTAATG.1"
"610","TTGTCAAAGCCTGAGC.1"
"611","CTTGCGCGTCAGGCCA.1"
"612","GTTGCTGAGTGAACAG.1"
"613","ATTATGGTCCTCACTA.1"
"614","GACCTGCAGGTGAGAC.1"
"615","ACGGGAAGTTAAGCGC.1"
"616","ATGATGGAGTGACCTG.1"
"617","CATAACGGTTGACTTC.1"
"618","CTACTAAAGGCTACTG.1"
"619","CAATCCTGTAAGCTTG.1"
"620","GATGACTTCACTAATG.1"
"621","TGTGTTAAGCCTTAAA.1"
"622","GGACATAAGCAGGCCT.1"
"623","GTTTAACCAGGCCAAA.1"
"624","GCCTTAACAATTAGCT.1"
"625","GGTTAATGTGTCCAGG.1"
"626","CTGTTGGAGTTAGAGG.1"
"627","TCCGGTTTCAAACCGT.1"
"628","CTGTAACAGGCTACTG.1"
"629","ATGTAACGTTACATCC.1"
"630","AGGTATTGTCCCGAAG.1"
"631","CGCTCAGCATCACTTC.1"
"632","TATTTGCTCCAAACAC.1"
"633","TTAGCGGTCTTTGAGA.1"
"634","TCAGCGATCCCGAACA.1"
"635","AGGGTTGCATAGCGAG.1"
"636","CGGACAACAGCTCATA.1"
"637","CGGCAATGTTTCGCCA.1"
"638","AAATGGCCAGTAAAGC.1"
"639","CGTGCACAGCTTTGTT.1"
"640","TCTTGTCCACACTAAT.1"
"641","GTGAGGAGTTGTGACA.1"
"642","ATTCAACCAGCAACCT.1"
"643","GACCTAGTCTGTGAGT.1"
"644","TGGGCCTAGCTTAACA.1"
"645","GGTCATTAGGTGTCCA.1"
"646","TAACAAGCAACCTGGT.1"
"647","GAACCAAAGTTGTCCC.1"
"648","ATCGCCCGTTTATTCG.1"
"649","TTACAGCAGACTTACA.1"
"650","TCTAAGGGTGAAACAA.1"
"651","CGCGATTCAAATTCGT.1"
"652","GCAGGCAAGACAGGCG.1"
"653","GTCGAAGCAACTAACT.1"
"654","CAAGGTAAGTGATTCA.1"
"655","TCATCCATCCGCACAA.1"
"656","TGACTTAAGGCCAATT.1"
"657","TGTTCCTCACCTCAGG.1"
"658","AGAGAGGAGGCTACAT.1"
"659","AACTAGCTCCCATAAA.1"
"660","AAGTTAGCACTGGCTG.1"
"661","CCTGTATGTGGAGCAA.1"
"662","GCAGGCAAGCGGATTT.1"
"663","CTCCATCAGGAGTCGG.1"
"664","GTTACTCGTTTAACCC.1"
"665","GTAAGCGCATTGTGCA.1"
"666","GTTACGTAGTATTGTG.1"
"667","ACAGGATCATCTAGCA.1"
"668","CGCTTGCGTTACCTGT.1"
"669","AAGCTAGAGGTTAGCT.1"
"670","CGAGGAAGTCATGCCC.1"
"671","GGTAACTTCATTATGG.1"
"672","GTACCGGGTAACAGGG.1"
"673","CTACCTCAGCATGACT.1"
"674","AACTCACAGGCCATCA.1"
"675","ATGTCCACATTGTCCT.1"
"676","CACTTTGTCATGCTCC.1"
"677","TCAGGTTAGCGTGCGT.1"
"678","ATTGAAGCATTATGGT.1"
"679","GGTCAAGCACAATACT.1"
"680","TATGACTCATGAGTTT.1"
"681","ACCCTGTTCAAGGACA.1"
"682","GTTTACCGTAGGTTGC.1"
"683","AATGCGCGTCAATAGT.1"
"684","GACCGAACATTTGCTC.1"
"685","TTATTGCTCGCTAAGT.1"
"686","AGCCAGTGTACGCGCA.1"
"687","TGATGATGTTTAACGG.1"
"688","AATCATGTCGAGCTAT.1"
"689","CCTTGTTCAGCGCTTG.1"
"690","GATCCGTCAAATTCGT.1"
"691","GATTCCTGTCACCTAT.1"
"692","GATTGCGTCCAGGGAG.1"
"693","GTGTGTTAGAGAGCCG.1"
"694","CTCCAAACAATATAGG.1"
"695","TATCGCGAGCTTGCTC.1"
"696","TTAACCAAGTAGCCAT.1"
"697","TTGCAATCAATCCTAG.1"
"698","GGTGAGTAGCAAGGAC.1"
"699","CAATAGCTCGCACAAT.1"
"700","GATTGCAGTGTTCCCA.1"
"701","CGACTAAGTCGTAATG.1"
"702","TCAGGTTAGTCACTCC.1"
"703","GAGGGAGCAAGGTCCT.1"
"704","CTAGTAATCTTGAGCG.1"
"705","AGGATATAGCCAGTAT.1"
"706","TAGCCTTGTTAGGCTA.1"
"707","TTGGATTCATGAGCAG.1"
"708","CTCCAAACATTAGGTT.1"
"709","TGTGCGCAGGTTAGCT.1"
"710","ATGAAGCCATCCCTCA.1"
"711","CTTAGGAGTAGGATCC.1"
"712","TAGGAGGGTTAAGTGT.1"
"713","TGGTTCCTCATCCTAT.1"
"714","CTGGTAAGTTAGGTGC.1"
"715","CATTATGAGTCACTCC.1"
"716","CATCACACAGGCTTCG.1"
"717","GAGTTGCGTGTTAAAC.1"
"718","TCCTTGCAGCGATAAG.1"
"719","CGGAGTCTCAATGAGG.1"
"720","CGGTGAGAGGTTTGCG.1"
"721","CAGGGCTTCATGCTCC.1"
"722","TAGCCTCTCTGTTGCC.1"
"723","TTGCTTTAGAAGCTAG.1"
"724","AGAGGATGTAACCTAG.1"
"725","GTAAAGCCACCTACTT.1"
"726","CTAGCTGAGATGCCTG.1"
"727","AGGGCCTTCACTCGCT.1"
"728","CATCCTCAGGCACAGG.1"
"729","GCTGCAATCAAGCCTG.1"
"730","TTGCAAGGTGAAACAA.1"
"731","GATTGCGTCGCAAACT.1"
"732","CCATCACTCGGTTAGT.1"
"733","CGCATGATCACTAAGC.1"
"734","TTTGACTTCCTGATTT.1"
"735","CAAGGCCTCAGGTTTA.1"
"736","ACTGAAACATTGCGAC.1"
"737","CCTAATCGTCCCGGAA.1"
"738","CTACAACAGGATTTGC.1"
"739","AGTAGGATCCACAATA.1"
"740","TTCAGGTAGCTTCTCA.1"
"741","TTTCGTCCACAGGATG.1"
"742","TGCTTAAAGTTATGGC.1"
"743","GGTCCTGCACGAATCC.1"
"744","CCAACATAGGCAAGTA.1"
"745","AGTGATGAGTAAGGGC.1"
"746","TGGGCATGTCGCATAA.1"
"747","CAAACATGTTAACAGT.1"
"748","AAAGCCGCACATAGCC.1"
"749","CAAGCTAGTGGTGAGA.1"
"750","CCTGGATCAACGTGCT.1"
"751","GCCACTAAGCAAGACA.1"
"752","GCCGTGAGTCAGTAAT.1"
"753","GTTCATTTCATTTGTC.1"
"754","TTCGTTAGTCATCAAG.1"
"755","GACGCCTAGAAAGCAT.1"
"756","TTTAGCTTCCCTCAAC.1"
"757","GTGCGGTTCCGTGACA.1"
"758","AACTTAGTCAGGTTTA.1"
"759","GGAACAATCACGCCAA.1"
"760","TCTGGCTTCGTTAACA.1"
"761","GACTATTCATGCTATG.1"
"762","ACCTTCATCGTCAAGT.1"
"763","GCGGATACAGTTAAAG.1"
"764","GGGCAATAGTAAGGGC.1"
"765","TCATTTGGTTGCAGTA.1"
"766","GTTGTGAGTATTGGTG.1"
"767","AGAAGGTGTGATCATG.1"
"768","TACCTTAGTCATTACC.1"
"769","ACAGGATCATGGAGGC.1"
"770","TGGTTAATCCCTTGCG.1"
"771","GAGAACCAGGGCTTTG.1"
"772","AGAGGATGTCACAGCG.1"
"773","AACTAGTGTAGCTAAT.1"
"774","AATATCCCAAATATCC.1"
"775","TTACCGTGTGCGCAAT.1"
"776","AGGACTAAGGCTTAGT.1"
"777","AGTGATGAGGGACGCA.1"
"778","AAGGTATAGCTGTAAC.1"
"779","TCTAAGGGTGAGGTGA.1"
"780","CGTAGTTAGTCGCAAT.1"
"781","AGCCAGTGTAACGAGG.1"
"782","CACTGACCATGCTCCC.1"
"783","TCTTGACGTCCAAGAC.1"
"784","TGAGTGAAGTAACTCA.1"
"785","TGTAAAGCACTGACCG.1"
"786","AGTTGCGTCACAGACT.1"
"787","CTAGCTGAGTCATTGA.1"
"788","GCAGCTATCAGTGAAG.1"
"789","GCCTTAGAGGCTCATG.1"
"790","ATTCATGAGATGGAGC.1"
"791","GCTCTGTTCACCTGTC.1"
"792","CAATAGCTCAAACCGT.1"
"793","AATGTCCAGGTATTGC.1"
"794","GCACGGTTCCCTCGCA.1"
"795","TGTGCGGGTTCCATTA.1"
"796","TATATCCTCCTTAAGA.1"
"797","CACCTCAGTTAGCGTA.1"
"798","ACGCCACAGCCGCTAA.1"
"799","GCGAGTGAGCCTAATA.1"
"800","AATAACCGTTAAGGCC.1"
"801","TGAACAGAGCCTGTTC.1"
"802","TACTGCACACCCACCT.1"
"803","TGTGCTGAGCCGCAAC.1"
"804","CGCTAATAGGTCCTGA.1"
"805","TCTACTAGTGCTTAGA.1"
"806","ATAAGTCGTGTAACCA.1"
"807","GTCCTCAGTGCTTAGA.1"
"808","TGCGCAGGTGTTTGCT.1"
"809","ATTACCGCATAAACCT.1"
"810","GTCGAAGCATCGTTCT.1"
"811","GAGCTTAGTAACCTAG.1"
"812","ACACCTTGTACCGGAT.1"
"813","GGGTCAACAGCCAGAA.1"
"814","CATAATCCACTAAGCC.1"
"815","GTTTCAGCAGCTTACA.1"
"816","TTCAGGTAGATGGACA.1"
"817","CTTCGCGTCTGTAATG.1"
"818","GCGAGTGAGAACAAGT.1"
"819","GGTGTTGTCCACCTTA.1"
"820","GTCATCACAGGGAGCT.1"
"821","CTGCTATGTAACGGGA.1"
"822","GCCGTGAGTGTTGCTT.1"
"823","CTCACAACATATTGAC.1"
"824","TGAAGGATCGCTATAA.1"
"825","AAAGCGGGTGATTACG.1"
"826","AACCTTGCATTGTGTG.1"
"827","TTAATCGAGTTAGAGG.1"
"828","GGCAAGCCACACTAAT.1"
"829","TCCCGGACACAAAGCG.1"
"830","ATGTCATCAACAGCCT.1"
"831","GTGAATCTCAGTATTG.1"
"832","TGCTTGTGTGAGCAAG.1"
"833","TTTCATCAGGCGAAAC.1"
"834","AGGTATTGTGAATCGC.1"
"835","ACCTTGTGTAGGATTT.1"
"836","GCACGCTAGGTCCTGA.1"
"837","GCTCTGTTCCAAGTTA.1"
"838","CGGGCTTAGTCACTCC.1"
"839","ACGATTCAGCCAGTAT.1"
"840","GTACTAATCGCTCCAT.1"
"841","TTGTCCATCATGAAGG.1"
"842","CAACCCTTCCGGCTAA.1"
"843","ACCAAGCGTCCTAATC.1"
"844","TCTAACCGTGTCCAGG.1"
"845","ACTATGTCAGCACGAA.1"
"846","TTGCAACAGGAACGCG.1"
"847","CTCACACTCTCGCCTG.1"
"848","TTTCTTGCAACCGCCA.1"
"849","AGCAGGTAGGTCGATT.1"
"850","CAGAACCGTACGGGTT.1"
"851","TGAGCAAAGTCACTAA.1"
"852","ATCAAGACAGGAACTG.1"
"853","CGACCTGCACAAACTT.1"
"854","ATTACCCGTTCACTGT.1"
"855","GCAGCCAGTGTGTGGT.1"
"856","TGGCCTTTCATTAGGC.1"
"857","ACTTGTAAGTAAAGGT.1"
"858","CATAGCTAGTAACGAG.1"
"859","TATGACATCCAATTAG.1"
"860","ACGCCTTTCATGGTGT.1"
"861","ATGGTTATCACTAAGC.1"
"862","GTTCGCGCAATCGCAC.1"
"863","GTATGTTCATCCTGAA.1"
"864","ACGTCCTTCGTTAACA.1"
"865","CGATGTCCACCTACTT.1"
"866","AGCCTAAGTGGACATC.1"
"867","CGAGCGAAGGAAACTG.1"
"868","TCATTGTTCTTGCATT.1"
"869","TGCCGGTAGGCGCTAC.1"
"870","ATGTGAGAGTAACGAG.1"
"871","AGCTTGGTCCAGGTCA.1"
"872","GGACGAAGTGGGTACT.1"
"873","TACGCACCAGGCCATT.1"
"874","GGACTAAAGCAAGACA.1"
"875","TCCATTGTCTCCATAT.1"
"876","CAGGTTTAGACTCGCA.1"
"877","AGCAATACACGCAACT.1"
"878","CTGCTATGTATGGTGC.1"
"879","GTCCATTGTTTCAGGA.1"
"880","GGGTTTGTCGCATTAA.1"
"881","ACCGGTTCATAGACTT.1"
"882","TACGCACCATCGCTCC.1"
"883","ACTTATCTCACCAATA.1"
"884","CATGCGGGTTTACGTC.1"
"885","AGGATGTCATTGCGAC.1"
"886","CATCCTGGTGACATGC.1"
"887","AACCTTGCACCTCACC.1"
"888","GAAGGCCCATGCAACC.1"
"889","TATAGGTGTCAAACTG.1"
"890","GGTGAGTAGTCACTAA.1"
"891","TAGCGCGGTGATTTGG.1"
"892","GCGAGTGAGGTTTGAC.1"
"893","CTTGTCCAGGAAGCTA.1"
"894","ATACCTGCAGTTGCGT.1"
"895","ACCCAACCAGTATGTT.1"
"896","GAGAAACGTCACCTAT.1"
"897","TGAACAGAGTTAGCTA.1"
"898","TTATGACCAGGAACTG.1"
"899","CTAATGTCAAACGCGA.1"
"900","CTTAGGAGTCACAAAT.1"
"901","TGTGCACCACGAACAG.1"
"902","TCAAGACTCCGCAACA.1"
"903","CTGTTGGAGCGGTTAT.1"
"904","ATCTATGAGCTTTGTT.1"
"905","CGCTTCTAGATTGAGG.1"
"906","GAGTAATAGTAACGGA.1"
"907","AAAGGAGCAGCAACCT.1"
"908","GATCGAGCAATTAAGG.1"
"909","GCCTGACAGGCTAATC.1"
"910","GGATTCAGTTAGGCTA.1"
"911","AACCGCTCAAGGTGGC.1"
"912","TGAGGTGCAGTTTGTG.1"
"913","AAGCGTTTCACCGGTA.1"
"914","TTATAGCCAGCAAGTG.1"
"915","TCTTGTCCACAACCTA.1"
"916","ACTTATCTCAGGGCCT.1"
"917","TCAGTAGGTAATCGGC.1"
"918","CGACAAGCATTATGCG.1"
"919","GCGGAACCAGTACCGT.1"
"920","CTCGACAAGATACTTG.1"
"921","GATCCGTCAACCTAAT.1"
"922","ACTTGAATCATTTAGG.1"
"923","CTCCTGAGTTAGCGTA.1"
"924","GCTGGATGTCATGCAA.1"
"925","CTTTAGTTCTTAGGAC.1"
"926","CTAGGACGTATTTGGG.1"
"927","TTTGAGTCAGGTTTGC.1"
"928","CGGGTCTAGGGATTAG.1"
"929","CTACTTAGTGCTCACC.1"
"930","TCGTTAGCAATTGAAG.1"
"931","AGTGTGGCAGGTTACC.1"
"932","AATTGGACACTATGGC.1"
"933","GAGCGAAGTGGTTATG.1"
"934","AGGGCTACAGCAACCT.1"
"935","GTTACGTAGCTCATAA.1"
"936","TTTCGTCCACATAACT.1"
"937","CTCACACTCTCCATAT.1"
"938","GCGTTTCTCATTAGGC.1"
"939","CAGGGCTTCATTACTC.1"
"940","TCGGTTACAATCCTAG.1"
"941","ATGAGCCGTCCTTAGT.1"
"942","TGCTCTCAGGCGCACT.1"
"943","GTTAAACGTACAATGT.1"
"944","GATTATGTCTCACTAT.1"
"945","ATCCCGCGTATCTGGA.1"
"946","TGACTTAAGTTATCCT.1"
"947","GAGTTACTCGACCTGA.1"
"948","AACTACTCATCCATCT.1"
"949","TGTATCCGTAATGGCC.1"
"950","GTACTAGGTAACGGGA.1"
"951","AACCTTAAGATAGACG.1"
"952","TAATCCGCACCTCAGG.1"
"953","TCATCCATCGGGACCT.1"
"954","GCACTAAGTTAGCTGA.1"
"955","CTTTGGGAGATAGACG.1"
"956","AACAAGCCAAGCGAGC.1"
"957","TCACCTGGTCTAACCT.1"
"958","ACGACAAAGCAATAGG.1"
"959","CAGGACCTCCTAGTCC.1"
"960","AGCGCCTAGTGATTCA.1"
"961","TTCCACGGTCCGCTGT.1"
"962","CATTCATTCTTAGTCT.1"
"963","CTTATGTTCTTAGTCT.1"
"964","GCTAATATCTGCAACG.1"
"965","AACTAGTGTTAGTACG.1"
"966","AGGTGAATCATGCTTT.1"
"967","TACCAAATCTAGCTAA.1"
"968","GCTGTAAGTAACCTAG.1"
"969","CCCTCAGTCGCATCCT.1"
"970","GGACCGAAGTGAGAGC.1"
"971","GTGCATTAGTTAGTGC.1"
"972","CAGCATGTCTAGCTTT.1"
"973","CAAAGTGAGCTCCTTA.1"
"974","CAAGGCCTCGATTTGA.1"
"975","AGAACAAGTTCGGTAA.1"
"976","TGTGTGAGTAACGTGC.1"
"977","TGGTTAATCTAAGTGC.1"
"978","TTCATTCAGCTCGCTT.1"
"979","GGGATAATCTTGCTAT.1"
"980","AGTACGCGTTTCCGGC.1"
"981","GCGATTAGTGCTCCAC.1"
"982","GGTACTAGTCCTCCAA.1"
"983","GCAATGTTCACTTCAT.1"
"984","CATCCCAGTTGGTGAC.1"
"985","CTTGTAAAGCGAAGTA.1"
"986","TTGGGTTAGCGCCTTT.1"
"987","CTTACCTCATCCAGGT.1"
"988","TGAGAACCAATATACC.1"
"989","CAATAGCTCCTGTTCA.1"
"990","ATCAAGACAATCCTAG.1"
"991","AAGTAGCCAAAGCGGC.1"
"992","ACTATCCGTGTCCAGG.1"
"993","GCCAGGTTCATCCACC.1"
"994","TACGGATTCCTTCAAT.1"
"995","GTGGATGCAAGTGTCC.1"
"996","TTTACGAAGCGCCTTT.1"
"997","CAACCGGGTAGTAAGA.1"
"998","GGTGATTTCTATTGTC.1"
"999","TAGAGCCGTGACATGC.1"
"1000","CCAATATCACTTGTTC.1"
"1001","CCGTGCTGTACCCACC.1"
"1002","TGTTGCACAAATATCC.1"
"1003","GAGGCTACAAGTAAGC.1"
"1004","AAACCGCGTCGTTACT.1"
"1005","ACGTTACAGTGAACAG.1"
"1006","CACTTTGTCCGCCTCA.1"
"1007","CCTCAGTTCTTTGAGA.1"
"1008","CATTCATTCTCGCCTG.1"
"1009","TCTAGCGAGGGCTTTG.1"
"1010","GGCTTCAAGGGCTTTG.1"
"1011","GGTTAGCGTTGGATAT.1"
"1012","CTTGCTCAGAGAAGGG.1"
"1013","ACCCTCCCAACTAGAA.1"
"1014","CTTGCTCAGGCTCATG.1"
"1015","ACTATGTCACCTAATG.1"
"1016","ACCAAGCGTGCAATGC.1"
"1017","GCCATGATCCGGGACT.1"
"1018","GCTAAGAAGCTAAAGG.1"
"1019","GATGAGGGTTCCATTA.1"
"1020","GGAAGTATCATAGACC.1"
"1021","CTAGGCGGTCATTGTC.1"
"1022","GGAACCACAGGATTAA.1"
"1023","GCTCTGGCAAAGGTAC.1"
"1024","TTGCGAGTCGAGGAGT.1"
"1025","CATAACGGTTTGGCTT.1"
"1026","GTTTGCTGTAACCTAG.1"
"1027","ACCACACCAGCCAGTT.1"
"1028","TTGCTTAGTAACGTGC.1"
"1029","CTTCAAGCACCTGCCT.1"
"1030","GCCACTAAGCTCGCTT.1"
"1031","ACGCCACAGATTCCTT.1"
"1032","CGCTCCATCATGTTTC.1"
"1033","TGTTACTTCCTACCTA.1"
"1034","ACTTACAAGAGCAAGC.1"
"1035","AAACCAACACTTAGGC.1"
"1036","ATGACCAGTGATGATT.1"
"1037","AAGGATTAGAGGAAGG.1"
"1038","GTGTGCGGTCACTCGC.1"
"1039","TCCATATTCGAGCAAA.1"
"1040","GACCTTTGTACGGGTT.1"
"1041","GTACTAGGTAACTACG.1"
"1042","CGTTAGTAGGACCTTG.1"
"1043","GCTAGCTCAAGGAATC.1"
"1044","GACACCGGTGTTGCTT.1"
"1045","GAAGTGATCATTAGTG.1"
"1046","CTTAGTTTCATTACGA.1"
"1047","GAGGCTACACCTGCTC.1"
"1048","ATTACCGCAGGACCAA.1"
"1049","AAACAGCCATAATGTC.1"
"1050","CCCAAATAGCTGCACA.1"
"1051","CTGGCTTTCGAGGTGG.1"
"1052","TCAAGACTCTTGCTAT.1"
"1053","GATGCGACACAATACT.1"
"1054","GCCTGCTGTTGGTTAG.1"
"1055","TATGACATCGGGACCT.1"
"1056","TGGTTCCTCATGCATA.1"
"1057","AATTAGGCACAGGATG.1"
"1058","GTTGGAGCATTAAGCT.1"
"1059","TATAGCCAGCGGATTT.1"
"1060","CCTCAATGTTATTGCC.1"
"1061","ATTACGTCATTGGGAG.1"
"1062","CTCTGTTCAACTGGCT.1"
"1063","TTATCCTAGCTATGAC.1"
"1064","GTGTTACAGTAGCGGG.1"
"1065","TCTATGTTCTCAATGA.1"
"1066","TGATGACTCATGGCTG.1"
"1067","TTCCTCAAGCTAAGTC.1"
"1068","TGTCATAAGCTTATGA.1"
"1069","CGTCAATAGTTTGAGC.1"
"1070","ACGCCACAGGTGCGGA.1"
"1071","CTTAAGATCAGGTCCA.1"
"1072","CCTAAAGGTTGGTGAC.1"
"1073","AGCATCCCAACAGGTG.1"
"1074","GGATATTGTGGTTCTT.1"
"1075","CCTAAGCCATTATGGT.1"
"1076","GGAGCATAGACAACAG.1"
"1077","TCTTAGCGTACGCGCA.1"
"1078","CCTAATCGTGAGACTC.1"
"1079","ATTAACCCAAATACCT.1"
"1080","TCCTTAGTCTCCATAT.1"
"1081","TGTTCATTCTTAGCCC.1"
